{"cameraMode":{"drawMode":0,"name":"Shaded","section":"Shading Mode"},"sceneLighting":false,"audioPlay":false,"sceneViewState":{"m_AlwaysRefresh":false,"showFog":true,"showSkybox":false,"showFlares":true,"showImageEffects":true,"showParticleSystems":true,"showVisualEffectGraphs":true,"m_FxEnabled":true},"in2DMode":false,"pivot":{"x":-0.11184410750865936,"y":0.12698113918304444,"z":0.07738368213176727},"rotation":{"x":0.13213291764259339,"y":-0.8626230955123901,"z":0.2901769280433655,"w":0.39277809858322146},"size":0.25745582580566409,"orthographic":true}